,Dependents,ApplicantIncome,CoapplicantIncome,LoanAmount,Loan_Amount_Term,Credit_History,Gender_Female,Gender_Male,Married_No,Married_Yes,Education_Graduate,Education_Not Graduate,Self_Employed_No,Self_Employed_Yes,Property_Area_Rural,Property_Area_Semiurban,Property_Area_Urban,Ground Truth,Random Forest Preds
176,0.0,0.0383426097711812,0.0,0.272419627749577,0.7297297297297298,1.0,0.0,1.0,0.0,1.0,1.0,0.0,1.0,0.0,1.0,0.0,0.0,0,1
118,0.6666666666666666,0.026357452071737786,0.0,0.17597292724196278,0.7297297297297298,1.0,0.0,1.0,0.0,1.0,0.0,1.0,1.0,0.0,1.0,0.0,0.0,0,1
357,0.0,0.044007421150278295,0.07592280639536603,0.27749576988155666,0.7297297297297298,1.0,0.0,1.0,0.0,1.0,1.0,0.0,1.0,0.0,0.0,0.0,1.0,0,1
163,0.0,0.04042053184910328,0.0,0.1996615905245347,0.7297297297297298,1.0,0.0,1.0,1.0,0.0,1.0,0.0,1.0,0.0,0.0,1.0,0.0,0,1
164,0.0,0.12183055040197897,0.0,0.34686971235194586,0.7297297297297298,1.0,1.0,0.0,1.0,0.0,1.0,0.0,1.0,0.0,0.0,1.0,0.0,0,1
